id,customer_id,street,city,state,postal_code,country
1,35,practice,Morantown,stuff,anything,himself
2,29,somebody,South Kylehaven,specific,factor,suffer
3,15,answer,Garyberg,tax,certain,of
4,59,growth,South Aaron,already,some,water
5,70,husband,Sierraberg,author,history,before
6,68,huge,Lake Chase,hotel,couple,spring
7,46,candidate,South Jefferystad,type,finish,either
8,72,total,Russellberg,benefit,dark,perhaps
9,31,respond,Adamhaven,plan,little,north
10,41,religious,Lake Katieborough,like,process,age
11,91,culture,Bryanshire,natural,red,employee
12,27,store,West Kimberly,difficult,suffer,natural
13,36,television,Lake Jeffreyborough,image,include,join
14,86,cut,West Jasonborough,different,nearly,read
15,35,college,Gonzalezburgh,next,industry,fight
16,71,teacher,East Michaelland,fund,technology,list
17,80,law,Thompsonburgh,last,simple,appear
18,52,throughout,East Erin,event,in,outside
19,56,first,Smithview,the,magazine,no
20,29,poor,New Melissa,same,kitchen,music
21,96,according,East Tiffany,four,off,truth
22,56,plant,Smithbury,teach,friend,report
23,54,significant,South Katherineville,look,sit,of
24,99,yard,Coryfort,peace,no,affect
25,71,conference,North Deanville,best,PM,able
26,70,dream,East Laura,four,affect,yet
27,97,financial,Lake Sarah,analysis,seem,in
28,89,spend,Alanberg,party,arm,until
29,33,surface,Natalieville,these,money,industry
30,88,small,East Kelsey,crime,film,interesting
31,8,thousand,Anthonybury,matter,mission,station
32,83,move,North Brianville,enjoy,again,long
33,65,science,New Jesseville,appear,attention,learn
34,32,recently,Gonzalezview,too,born,produce
35,96,present,Tiffanymouth,value,protect,material
36,74,rest,Port Chad,sport,nature,draw
37,15,sure,Anitaview,trip,drop,unit
38,51,section,East Tom,throughout,network,here
39,82,executive,Evantown,skin,build,choice
40,97,area,Lake Jamesfort,cultural,wife,money
41,34,leg,South Maria,half,last,daughter
42,90,choose,Port Mariatown,special,audience,resource
43,67,paper,Russelltown,husband,difference,common
44,89,word,West Robert,certain,information,bad
45,37,leg,Hunterville,window,consider,huge
46,42,way,Frenchstad,office,large,thought
47,60,red,New Timothy,up,majority,hospital
48,59,call,Jacksonhaven,idea,newspaper,religious
49,41,detail,Campbellton,who,claim,someone
50,2,show,New Johnmouth,example,create,institution
51,8,energy,Ballardstad,over,thought,investment
52,1,network,Lauriehaven,political,and,any
53,17,record,New Michael,pick,country,meeting
54,14,operation,Michaelview,opportunity,plant,positive
55,44,security,Alvarezmouth,occur,continue,chance
56,78,analysis,Lake Jeffreyside,eat,amount,political
57,73,close,Lake Kristy,evening,development,face
58,79,around,Garciaside,find,improve,leg
59,67,wide,South Robert,improve,determine,never
60,28,call,Seanburgh,necessary,away,store
61,99,another,Juanland,blood,fish,white
62,34,first,Dennisport,let,around,site
63,57,customer,Turnermouth,region,worker,stop
64,100,these,Perkinsville,dinner,commercial,across
65,92,tax,Fisherbury,knowledge,save,anyone
66,25,assume,Kathleenfurt,eye,with,section
67,20,discover,Schneidertown,yourself,better,indeed
68,54,produce,Jaclynshire,too,wrong,team
69,10,seven,Andrewview,outside,it,their
70,11,of,Lake Dustin,risk,difficult,able
71,61,apply,Port Samuelbury,everything,be,throw
72,29,capital,Alvarezfurt,without,dream,can
73,12,third,Port Donna,these,cut,three
74,27,economic,Mindyside,concern,center,these
75,75,focus,West Benjaminville,each,role,need
76,16,office,Scottshire,sound,fine,itself
77,69,case,Christopherside,ready,note,person
78,6,make,West Jerry,argue,follow,those
79,24,beyond,East Ryan,draw,need,focus
80,57,marriage,Robinside,five,successful,fire
81,50,picture,Lambertbury,specific,training,allow
82,60,three,Lake Tiffanymouth,good,city,house
83,38,improve,West Daniel,movement,turn,send
84,56,media,East Matthew,young,election,sometimes
85,20,table,South Robertfort,imagine,morning,technology
86,1,member,North Michelle,fear,and,truth
87,24,itself,New Adamview,traditional,throughout,art
88,32,rock,Robertotown,stand,majority,economy
89,24,debate,Lake Tiffanymouth,and,player,even
90,58,attorney,South Connie,change,here,bit
91,39,page,Port Alexander,card,present,world
92,54,responsibility,Turnermouth,clear,cut,organization
93,23,husband,Martinville,ok,buy,something
94,90,risk,Port Kellyton,generation,approach,name
95,17,guess,Port Timothyberg,ahead,grow,factor
96,67,never,Port Joshua,first,early,him
97,77,what,West Johnchester,low,interview,take
98,7,over,New Karenmouth,them,even,hold
99,30,world,Taraborough,fast,box,but
100,57,most,West Lisa,all,teach,country
101,73,image,Smithmouth,east,pull,law
102,75,still,Jamesberg,down,door,across
103,33,such,Swansonshire,night,apply,pressure
104,81,little,South Stephenland,professional,tough,event
105,66,recognize,North Robertfort,window,behind,western
106,25,reality,Port Victoria,game,low,tree
107,15,rise,Mistyton,forward,TV,team
108,24,against,East Katrinaberg,issue,process,fly
109,90,morning,Carrside,compare,relate,discover
110,68,several,Fordmouth,Democrat,land,long
111,80,fear,North Edwardhaven,opportunity,next,reach
112,18,seven,Larsonburgh,figure,agent,staff
113,62,personal,North Alexa,across,itself,its
114,47,color,Lake Jessica,would,of,bad
115,91,expect,Jamesport,power,natural,turn
116,3,run,Diazton,national,together,ball
117,68,less,New Sandra,catch,seek,rest
118,83,writer,Lake Angelafort,daughter,summer,career
119,60,city,North Nicoleton,test,leave,ground
120,29,message,Aliciachester,send,method,political
