id,name,email,phone,signup_date
1,Patrick Carter,melissahernandez@example.org,+1-948-844-1831x0830,2025-06-12
2,Jennifer Brandt,bsexton@example.net,898-845-8363x7431,2024-08-09
3,Glenn Wilson,xsmith@example.net,001-492-860-0146x827,2025-03-13
4,Michael Beasley,yespinoza@example.org,502.284.2659,2024-10-24
5,Ricky Lee,clang@example.org,395.309.3493x345,2025-05-12
6,Michael Green,blambert@example.com,825.858.3112x538,2025-02-22
7,Cathy Caldwell,chapmanrobert@example.com,(242)994-9830,2024-10-18
8,Penny Ellis,mckinneyjonathan@example.net,459-601-2716x3400,2024-12-22
9,Justin Vasquez,ssmith@example.org,(957)938-1560,2025-02-09
10,Brady Johnston,rodneywright@example.org,541-888-0727,2024-09-26
11,Rebecca Sanchez MD,beth74@example.net,(855)884-1604,2025-01-24
12,Tracey Bennett,pmorris@example.org,5275952809,2025-04-26
13,Mr. Christian Maxwell,laura32@example.com,001-288-746-5137,2025-03-13
14,Cody Mcclain,bettyzavala@example.net,412-860-1833,2025-01-13
15,Douglas Spence,smithlydia@example.net,240-575-7282,2025-06-12
16,Jeffrey Hanson DDS,iarmstrong@example.org,226-750-0272x89260,2024-08-08
17,Amanda Day DVM,clifford15@example.net,217-476-7573x0166,2025-05-25
18,Kevin Williams,bonniemarsh@example.net,4923834695,2025-01-26
19,Thomas Macdonald,kimberly98@example.org,652.578.9922x51208,2025-06-28
20,Nicholas Todd,manningrebekah@example.com,674.351.1281x88499,2025-03-27
21,Tammy Lewis,smithemily@example.net,965.698.6314,2025-04-04
22,Joshua Fox,perkinsjoshua@example.com,(937)733-9226x90303,2024-11-24
23,Ryan Watts,tara92@example.com,+1-677-581-2479,2025-04-10
24,Anthony Carter,jerryashley@example.com,(701)587-7050x59821,2025-04-11
25,William Taylor,caldwelltimothy@example.org,982-245-6135,2025-02-01
26,Rachel Zimmerman,ramosjustin@example.com,+1-576-557-8638,2024-07-20
27,Mark Perez,xjohnson@example.org,+1-700-949-2598x1181,2025-04-20
28,Joseph Macias,hwallace@example.com,+1-218-886-5375x86744,2024-08-27
29,Pamela Davis,teresamorgan@example.com,(257)576-1913,2024-12-30
30,Rodney Richard,matthewclark@example.net,+1-858-770-3196x0732,2024-10-13
31,Carlos Davies,adamsglenn@example.com,001-341-917-9045,2024-11-08
32,Erica Ward,williamsonmatthew@example.org,422.600.0015,2024-10-08
33,Katrina Hale,vasquezchad@example.net,703-899-4331,2024-08-15
34,Dan Holt,qwilliams@example.net,834.354.2800,2024-10-19
35,Nicole Jones,brittney35@example.net,778.294.9329x4416,2024-07-26
36,Jade Johnson,heather33@example.net,(804)269-0043x2912,2024-11-25
37,Randy Holt,qmata@example.org,837.328.6620x4616,2025-01-31
38,Krista Fritz,gregorydavid@example.com,+1-849-856-1875x1687,2024-09-16
39,Charles Deleon,sarahroman@example.com,720-757-0830x639,2024-11-25
40,Jared Pierce,christinelawson@example.org,001-728-423-8011x314,2025-02-11
41,Todd Jackson MD,michellerobinson@example.com,747-959-4166,2025-03-21
42,Susan Adams,kcannon@example.net,975-892-0887x8849,2024-12-11
43,Christian Barry,michelle37@example.com,753.921.3554,2024-08-03
44,Diana Adams,hicksrebecca@example.com,001-710-955-7494x14761,2025-03-17
45,Kimberly Palmer,longpatty@example.net,397-498-0134x32543,2024-12-26
46,Bruce Jackson,cmcgee@example.com,+1-680-604-5964,2024-09-26
47,Ashley Allen,stephanie41@example.com,(962)248-0983,2024-07-30
48,Megan Beltran MD,barbarasandoval@example.org,404.707.9047x1090,2025-02-26
49,Lisa Paul,stefanie66@example.net,472-480-8202x821,2025-04-01
50,Miss Megan Cantrell DVM,lozanojulie@example.org,3546415652,2024-11-15
51,John Nguyen,rickysmith@example.org,594-392-6360,2024-07-29
52,John Villegas,umcdonald@example.net,368-828-2542x67795,2024-08-29
53,Timothy Fuller,robin03@example.com,(247)579-7053x1006,2025-02-13
54,David Dixon,johnmcdaniel@example.com,+1-771-460-6657x112,2024-09-28
55,Janet Stanley,clarkgabrielle@example.net,(599)371-5654x93680,2025-02-27
56,Mark Smith,kimberly01@example.net,895-547-5451,2025-01-11
57,Aaron Mcmillan,otaylor@example.net,+1-336-796-2983,2025-05-25
58,Chelsea Wright,kristen37@example.com,001-313-847-4001,2024-09-20
59,Robert Vaughn,wilsondaniel@example.org,424-895-3146,2025-06-01
60,Dr. Frank Johnson,lmills@example.net,+1-922-732-3424x0808,2024-08-22
61,Natalie Tapia,marydavid@example.net,(362)595-0269x9761,2025-02-16
62,Jason Shaw,turnermichael@example.net,990-979-9090x3232,2024-10-15
63,Karl Boyd,greenejonathan@example.com,(520)827-3592x89627,2024-09-02
64,Jeremy Drake,powersjessica@example.net,+1-208-870-8000x0652,2025-01-08
65,Alexander Moore,amanda27@example.org,+1-693-649-1266,2025-06-13
66,Alicia Bradshaw,burtonlisa@example.com,6636748047,2025-02-12
67,Lisa Green,brandonortiz@example.com,+1-319-216-4246x28315,2024-07-05
68,Alice Flores,robinsongina@example.com,871.916.2677x77663,2024-09-20
69,Pamela Clay,martinandrew@example.org,865.912.0933x440,2024-07-13
70,Nathan Miller,johnsonjeffrey@example.org,001-360-990-8340x10422,2024-11-22
71,Tyler Thomas,thorntonjohn@example.net,325.489.4540x7347,2024-07-26
72,Amber Bennett,austinmiranda@example.net,338-538-8999,2024-07-24
73,Daniel Flores,gomeztammy@example.org,+1-246-602-6025x909,2025-04-16
74,Brian Warren,alexandria99@example.org,(324)533-3533x15718,2025-01-15
75,Jenna Kent,msmith@example.net,+1-652-698-9238x15960,2024-09-14
76,Zachary Ward,shannonbenson@example.net,001-307-738-4076x65527,2025-03-23
77,Christopher Morgan,emartinez@example.org,447-723-2287x8422,2024-12-10
78,Pamela Harvey,joseph99@example.org,984-830-7751x104,2025-06-06
79,Aaron Mcintyre,harrisbrittany@example.org,641.815.5417x9248,2025-05-13
80,Sherry Moody,igraham@example.net,(672)987-1664,2025-06-15
81,Daniel Huff,tblake@example.org,236.647.1602x430,2024-07-31
82,Jerome Jackson,gclark@example.org,908-659-2385x85379,2024-08-30
83,Patricia Williams,smithjennifer@example.com,+1-379-598-4169x28279,2025-02-07
84,Clayton Grant,anna23@example.net,(495)790-1446,2025-03-13
85,Sheila Garza,rcalderon@example.org,+1-854-769-6755x50960,2024-12-24
86,Jeanette Gregory,christopher01@example.org,377-292-3869x798,2024-12-03
87,Nathan Freeman,smithkelli@example.org,3673062776,2024-12-17
88,Edward Price,shawn33@example.org,2797851772,2025-01-06
89,Michael Cooper,esparzadeborah@example.com,001-577-436-6207x19274,2025-03-15
90,Steven Mclean,susan39@example.net,(720)813-5584x16371,2024-08-28
91,Jacqueline Martin,williamswilliam@example.net,889.531.4618,2024-07-21
92,Thomas Wells Jr.,arthur09@example.org,775-323-2267x2038,2025-05-25
93,Hannah Dyer,perryjessica@example.com,412.821.6896,2025-05-28
94,Peter Murphy,dawsongary@example.net,+1-326-214-8074,2024-12-21
95,Lori Baldwin,qberry@example.org,(291)867-7257,2025-01-04
96,Ronald Robbins,patrickmoore@example.org,(508)970-5753x4475,2024-07-30
97,Scott Daniels,benjaminbest@example.net,+1-740-646-6978,2025-04-01
98,Jonathan Hines,benjaminguerrero@example.net,322-708-1308,2025-02-16
99,Melissa Mills,christian23@example.net,589-347-8893x582,2025-06-07
100,Crystal Savage,moorejames@example.net,001-898-790-2882,2025-02-22
