id,product_id,customer_id,rating,review_text,review_date
1,7,89,179,Expert maintain church main themselves.,2024-07-16
2,23,92,53,Wrong south item during.,2024-07-16
3,6,43,829,Past mind deep military.,2025-03-08
4,25,98,572,Change green win spring.,2025-01-19
5,47,30,389,Century house evidence point suddenly.,2025-05-20
6,47,64,712,Its result worker short will material serve.,2025-02-27
7,43,34,543,Serve need pay he collection read poor.,2024-08-23
8,7,35,762,Prepare night tend budget education.,2025-06-19
9,30,80,269,Practice all score sense fear hotel very.,2025-04-14
10,5,90,336,Finally close finally arm grow which list.,2024-10-15
11,47,43,663,Western here base matter mouth these within.,2025-05-30
12,4,25,729,Gas buy left actually recognize.,2024-10-01
13,30,99,810,Knowledge defense effect walk company.,2024-07-24
14,27,45,67,Nothing hand owner its build.,2025-04-12
15,38,47,21,Reflect skill charge middle involve.,2025-05-05
16,10,40,860,Kitchen condition capital after.,2024-09-18
17,19,61,78,Buy paper executive north magazine the.,2025-06-24
18,48,31,829,From who trouble sense our within third.,2024-09-15
19,6,70,282,Sell especially wall maintain suffer appear.,2024-08-31
20,50,9,193,Pretty since lose expect plan parent science.,2024-09-12
21,48,27,379,Book since town lawyer involve sometimes easy.,2025-04-28
22,19,98,964,Everybody any war natural water.,2025-01-22
23,9,73,657,Democrat year our management method take try.,2025-03-27
24,33,76,563,Final play town body.,2025-04-28
25,2,38,87,Bring save find ten look.,2025-04-03
26,42,83,270,Rise Mrs type evening. Car former by town.,2024-09-15
27,13,12,884,Red own second front century technology.,2025-06-10
28,25,28,594,Its continue suddenly. Language address animal.,2025-02-06
29,5,6,930,You exist next conference.,2024-12-01
30,45,49,40,Rather response position ok energy.,2024-09-22
31,50,11,5,Class page several.,2024-10-19
32,43,97,355,Key without some myself tell east.,2024-11-25
33,17,100,319,Moment explain source the though seat will.,2024-10-12
34,46,63,17,Student recent tend leg.,2024-11-26
35,29,53,88,Unit drive without also sound by against.,2025-06-10
36,43,12,26,Ago east budget challenge company.,2024-12-02
37,46,44,530,Study senior wear sit.,2025-03-22
38,44,66,529,Fine save book effect. Mention must onto.,2025-01-04
39,25,70,841,Hand moment item see program before evening hour.,2025-04-10
40,37,16,356,Floor a base other floor compare just accept.,2024-09-13
41,33,46,213,On power short floor his central five by.,2024-11-22
42,43,10,717,Carry he they hot.,2024-07-24
43,14,28,267,Pull example sea network control out.,2025-05-08
44,16,83,850,Republican before until deep professional.,2025-03-01
45,45,3,71,Heavy late high training play.,2025-06-07
46,26,38,818,Rock respond sort common since.,2025-05-15
47,47,83,601,Three not media who even condition identify.,2024-08-31
48,32,83,388,Her paper fear own material.,2025-06-08
49,22,15,89,World no key within my.,2025-02-17
50,16,81,573,Beautiful glass amount effect sit.,2025-03-10
51,22,16,484,Yes already prevent building who.,2025-01-10
52,32,72,965,Collection themselves could better share if.,2025-03-17
53,44,40,470,Better west let central there surface gun.,2024-07-01
54,12,47,434,Project tax argue green condition person.,2025-03-29
55,38,64,312,Item town decade interesting.,2025-03-05
56,27,43,704,List school friend watch question attack realize.,2024-10-03
57,27,94,557,Hot soldier road.,2025-01-31
58,1,81,120,Beautiful bag identify middle.,2025-04-06
59,9,32,348,Happy five visit off find responsibility.,2025-05-04
60,36,93,279,East rise either prepare whole heart education.,2025-01-17
61,48,58,658,Take a actually lose whatever new debate dinner.,2025-01-08
62,13,26,235,Brother can chair. Food customer rich size.,2024-10-12
63,35,57,431,Act these before system anyone position.,2024-07-15
64,10,33,723,Sell item sing design century official young.,2024-12-05
65,40,14,623,List energy morning difficult.,2024-09-09
66,19,44,93,Local easy read support field staff order.,2025-01-24
67,8,30,873,House which pass rest use.,2024-07-06
68,14,58,576,Case always bit hair piece.,2024-10-03
69,41,66,545,Day trip however marriage eight grow.,2024-08-15
70,47,31,119,Teach best other property hear.,2025-04-18
71,28,70,552,Evidence product happy.,2025-06-18
72,11,21,437,Bank happen and language. Dark these itself.,2024-12-11
73,43,65,739,Air truth white voice heavy trial feel.,2024-09-10
74,21,28,725,Tell represent really pass kitchen unit message.,2024-11-05
75,7,3,356,Measure performance my listen.,2024-10-11
76,23,66,749,Spring by impact recently themselves rest.,2025-06-10
77,28,73,702,City south visit.,2025-03-04
78,19,6,797,Thus positive success last personal guess.,2025-05-16
79,45,13,597,Air there know development region heart name.,2025-05-02
80,17,14,954,Reduce ready away.,2025-02-21
81,38,51,761,Month person rate send receive home stage case.,2025-01-27
82,19,6,266,Federal five democratic car.,2024-08-13
83,37,38,265,Even day amount life carry report.,2024-08-23
84,26,60,908,Into more always travel language process.,2025-05-04
85,10,74,409,Recent mission example kind your.,2025-03-15
86,6,52,115,None image baby. Three page sing follow own TV.,2024-09-20
87,27,99,77,Protect source policy leg country because.,2024-07-01
88,12,85,295,Mention president many.,2024-10-01
89,48,71,779,Study southern season draw author machine.,2024-09-23
90,49,51,630,Current goal section probably certain there the.,2024-09-26
91,40,60,221,Smile person learn play should myself bring.,2025-03-30
92,33,11,188,Girl true hospital son list.,2025-05-25
93,22,24,331,Out charge race throughout.,2024-08-19
94,7,28,448,Specific west we participant.,2024-08-27
95,35,23,846,Same simple size practice hospital.,2024-07-25
96,23,82,661,Security appear law anyone true.,2025-04-27
97,17,5,865,Require kid well trial miss.,2025-06-29
98,43,33,839,Poor reflect yeah country.,2025-06-13
99,16,1,753,Unit century think attention kid may.,2024-11-10
100,9,31,217,His need choose. Early without girl class item.,2024-09-24
101,42,50,861,Plant everyone across must security.,2025-01-18
102,34,80,463,Approach daughter fish eight.,2024-12-09
103,7,59,296,Wrong glass and bad certainly east.,2025-06-28
104,19,90,168,Single two may Congress light little such.,2025-04-27
105,12,1,660,Watch few summer issue song region.,2024-09-22
106,42,100,100,Once best surface no hope.,2024-10-19
107,50,53,625,Third anything card do top.,2025-01-28
108,35,29,192,Attention movie rule forward from success.,2025-06-09
109,37,5,314,Human thank prepare certainly write eight.,2025-06-10
110,38,1,175,Turn first near new relationship yard.,2025-02-11
111,11,97,405,Family material population hold show TV whatever.,2025-03-25
112,11,62,133,Where else arm stage fish quality.,2024-12-04
113,26,35,762,Believe one social laugh indicate think raise.,2025-01-31
114,12,99,745,Education ground call contain.,2024-12-22
115,33,59,531,Road skill subject catch firm camera loss.,2024-09-14
116,40,68,850,Energy risk compare develop religious.,2024-09-07
117,14,9,444,Direction another choice stop water Mr.,2024-08-14
118,18,25,593,Wrong religious writer. Federal green mother use.,2024-09-08
119,32,94,952,Only entire left north physical effect.,2025-01-16
120,18,32,800,Cause city bill actually.,2025-04-21
121,50,93,446,Me himself agreement play.,2025-05-07
122,10,23,817,Individual community section again.,2025-06-01
123,7,69,746,New morning change soon choose.,2024-09-10
124,12,46,886,Alone game each song campaign.,2025-03-18
125,2,35,655,National culture into production nor reflect.,2024-08-01
126,16,23,626,Same third fire particular. Describe million man.,2025-02-03
127,13,79,55,Large always middle rich your. Inside stop care.,2025-06-14
128,45,47,647,Record good your blood might five head.,2024-08-11
129,7,20,106,Already his so design reflect personal explain.,2025-02-13
130,38,90,632,Foreign right man specific.,2025-05-09
131,3,57,867,Peace start throw model company energy he child.,2025-03-01
132,19,46,41,Father himself admit.,2025-05-08
133,4,43,633,Choice agency identify house.,2025-04-09
134,9,71,387,Little reach laugh huge.,2025-04-22
135,45,82,780,Spring force population operation.,2024-08-18
136,10,37,801,Serious she area situation space Mr.,2024-07-31
137,26,25,31,Team relationship direction very job indeed.,2025-01-15
138,46,10,210,Leave produce partner model seek treat suggest.,2025-02-17
139,12,16,513,Avoid parent less ten main never.,2024-10-18
140,45,70,310,Either better tree land official step.,2024-08-28
141,13,63,618,Entire about author already away billion.,2025-06-19
142,42,73,467,Affect hold fish share senior mouth surface.,2024-07-22
143,10,18,708,Speech crime professional should look take mouth.,2024-10-04
144,35,7,162,Lay speech second need.,2024-09-08
145,46,63,615,Blue pattern price phone us follow different.,2025-04-03
146,29,19,346,Many war hard man second show health street.,2025-04-05
147,33,19,159,Camera score charge fine.,2025-06-11
148,10,22,58,Soldier myself hold he may air throw.,2025-02-14
149,48,99,426,Sport wide final lead budget.,2025-02-10
150,32,91,777,Enough life animal surface others write quite.,2025-03-22
151,14,89,970,Drug fill grow environmental.,2024-08-27
152,46,94,951,Him space move provide two relationship girl.,2024-08-16
153,36,26,223,Light research weight the.,2024-10-03
154,20,6,39,Whether through speak through.,2025-04-06
155,20,89,52,Worry contain deal dark movie possible bed.,2025-03-26
156,50,40,783,Myself wide prepare real ability as.,2024-08-23
157,2,79,50,Doctor issue world prove.,2025-04-03
158,43,27,239,Child radio experience event.,2025-02-12
159,17,12,376,Eye Mrs child either.,2024-11-14
160,35,57,385,Loss attorney we recent paper magazine.,2025-05-08
161,2,56,363,Book wide success remember hand mean debate.,2025-06-09
162,21,27,3,Campaign sing capital same image near six and.,2025-06-04
163,9,78,820,Represent white simply speak.,2025-02-09
164,48,18,368,Pm certainly we career.,2024-08-23
165,24,61,575,Must five time. You wait type article court poor.,2025-01-17
166,30,27,513,Such type important cause tax take serve.,2024-10-01
167,41,66,144,Worry base foreign development cell rich.,2025-04-16
168,19,93,587,Adult size until right raise pull.,2025-04-18
169,11,12,206,Campaign leg a eye modern TV ok.,2025-02-23
170,36,65,77,Oil may respond put car change city could.,2025-04-05
171,33,14,135,Industry six audience physical save represent.,2025-03-29
172,48,72,838,Its trial establish man.,2025-04-25
173,49,46,15,Policy significant man safe.,2025-05-02
174,32,90,415,Thought city something if.,2025-03-26
175,49,100,158,Modern out water company it keep.,2024-10-04
176,41,7,397,Raise grow the thus. See season reveal.,2025-01-02
177,35,35,414,Minute approach then most president run task.,2025-04-03
178,22,77,896,Sport capital Congress television.,2024-10-11
179,12,23,810,Reality decade human table line whose parent.,2025-04-10
180,48,86,856,View information deal off. Everything nor sea.,2025-01-10
181,27,83,57,Eat camera set include.,2025-03-23
182,38,45,831,Attack choice because change.,2025-03-30
183,36,84,864,Trial image model interview read field.,2024-10-21
184,13,78,53,Knowledge increase who before station.,2024-11-06
185,9,48,989,Red open example Congress organization.,2025-05-26
186,35,75,505,Add western gas read.,2025-06-30
187,45,76,797,Car although article accept.,2025-03-12
188,37,51,900,Cold our direction edge author result.,2024-10-20
189,44,64,801,Reflect receive along write position.,2025-02-05
190,10,61,781,Green kitchen anyone would.,2025-06-20
191,27,100,500,Model career stuff be.,2024-10-18
192,2,13,23,Around I produce try. Into generation none money.,2025-05-07
193,23,53,676,Art wait staff wide stage two.,2024-11-18
194,21,2,706,Challenge work option service expert.,2024-08-10
195,15,93,532,Into energy really next.,2024-11-20
196,2,28,652,Near during marriage act all long your.,2024-10-07
197,19,60,119,Major generation gas hand recognize forward.,2024-12-05
198,50,91,307,Force book send last. Reduce road data.,2024-11-13
199,29,13,914,Network table field attention.,2025-04-16
200,17,70,72,Political study better total.,2025-05-12
